seed_source,seed,member_source,member,rule,cos,label,merged_after_fix,note
wikipedia,2026 Quebec general election,wikipedia,2022 Quebec general election,near-identical,0.981,related,True,
youtube,GTA 5 LIVE  #gta5 #gtav #gaming,youtube,GTA 5 LIVE 🔥 #gta5 #shortslive #gaming,containment,0.926,same,True,
wikipedia,Nidal Hasan,google_trends,nidal hasan,same name,1.0,same,True,
wikipedia,Eva Marie Saint,google_trends,eva marie saint,same name,1.0,same,True,
wikipedia,2026 Brazilian general election,wikipedia,2022 Brazilian general election,near-identical,0.978,related,True,
wikipedia,Jailer 2,youtube,JAILER 2 - Official Trailer | Superstar Rajinikanth | Sun Pictures | Anirudh | Nelson,phrase-in-title,0.822,same,True,
wikipedia,Jailer 2,youtube,Jailer 2 Trailer Review,phrase-in-title,0.855,same,True,
wikipedia,Jailer 2,youtube,Jailer 2 Trailer Review | Yogi Bolta Hai,phrase-in-title,0.842,same,True,
wikipedia,Jailer 2,youtube,Jailer 2 | Trailer Reaction | Super Star Rajni | Anirudh | Malayalam,phrase-in-title,0.8,same,True,
google_trends,catherine zeta jones,wikipedia,Catherine Zeta-Jones,same name,0.995,same,True,
wikipedia,Plague (disease),wikipedia,Bubonic plague,containment,0.892,same,True,
google_trends,kitchen,tiktok,#kitchenstorage,containment,0.888,wrong,True,generic Google search 'kitchen' (unknown cause) vs a TikTok hashtag
google_trends,kitchen,tiktok,#kitchencleaning,containment,0.907,wrong,True,same as above
wikipedia,England national football team,wikipedia,England national football team records and statistics,containment,0.898,same,True,
google_trends,why is the stock market down today,google_trends,why is the market down today,containment,0.938,same,True,
wikipedia,The Social Reckoning,google_trends,the social reckoning,same name,1.0,same,True,
wikipedia,Spider-Man: Brand New Day,youtube,Spider-Man: Brand New Day Extended Preview (2026),phrase-in-title,0.899,same,True,
google_trends,શંકરસિંહ વાઘેલા,google_trends,ഇറാന്,near-identical,0.977,wrong,False,different words in different Indian scripts; English-only embeddings make them look identical
google_trends,શંકરસિંહ વાઘેલા,google_trends,నిరసన,near-identical,0.977,wrong,False,different words in different Indian scripts; English-only embeddings make them look identical
google_trends,શંકરસિંહ વાઘેલા,google_trends,અમદાવાદ,near-identical,0.977,wrong,False,different words in different Indian scripts; English-only embeddings make them look identical
google_trends,શંકરસિંહ વાઘેલા,google_trends,ರಶ್ಮಿಕಾ ಮಂದಣ್ಣ,near-identical,1.0,wrong,False,different words in different Indian scripts; English-only embeddings make them look identical
google_trends,શંકરસિંહ વાઘેલા,google_trends,ఫ్యాన్,near-identical,0.977,wrong,False,different words in different Indian scripts; English-only embeddings make them look identical
google_trends,શંકરસિંહ વાઘેલા,google_trends,శరత్ బాబు,near-identical,1.0,wrong,False,different words in different Indian scripts; English-only embeddings make them look identical
google_trends,શંકરસિંહ વાઘેલા,google_trends,दुष्काळ,near-identical,0.977,wrong,False,different words in different Indian scripts; English-only embeddings make them look identical
google_trends,શંકરસિંહ વાઘેલા,google_trends,ಅನಂತ್ ಅಂಬಾನಿ,near-identical,1.0,wrong,False,different words in different Indian scripts; English-only embeddings make them look identical
google_trends,શંકરસિંહ વાઘેલા,google_trends,విరాట్ కోహ్లి,near-identical,1.0,wrong,False,different words in different Indian scripts; English-only embeddings make them look identical
tiktok,#halloweenmakeup,tiktok,#halloween,containment,0.897,related,True,
tiktok,#halloweenmakeup,tiktok,#makeup,containment,0.899,related,True,
wikipedia,Aaron Pierre (actor),google_trends,aaron pierre,same name,0.942,same,True,
youtube,Quad - Nirvair Pannu (Official Video) B2gether Pros | Verse | Juke Dock,youtube,PERSONA (Album) Nirvair Pannu | Juke Dock,containment,0.906,same,True,
tiktok,#cleaninghacks,tiktok,#cleaning,containment,0.895,related,True,
tiktok,#costume,tiktok,#halloweencostume,containment,0.952,same,True,
google_trends,usa vs namibia,google_trends,namibia vs usa,near-identical,0.996,same,True,
wikipedia,Québec solidaire,wikipedia,Quebec,containment,0.914,related,True,
google_trends,disneyland park,tiktok,#disneyland,near-identical,0.973,same,True,
google_trends,upstox,google_trends,upstox login,containment,0.93,same,True,
google_trends,laneway,google_trends,laneway 2027,containment,0.921,same,True,
google_trends,rbi policy,google_trends,rbi policy date,containment,0.93,same,True,
google_trends,islanders,google_trends,islanders vs rangers,containment,0.899,same,True,
tiktok,#baby,tiktok,#babylove,containment,0.924,related,True,
google_trends,star wars galactic racer,wikipedia,Star Wars: Galactic Racer,same name,0.989,same,True,
google_trends,stamkos,google_trends,steven stamkos,containment,0.937,same,True,
tiktok,#bathroomrenovation,tiktok,#renovation,containment,0.9,related,True,
tiktok,#tech,tiktok,#techtok,containment,0.883,related,True,
google_trends,marcello hernandez,wikipedia,Marcello Hernández,near-identical,1.0,same,True,
tiktok,#blackcat,tiktok,#cat,containment,0.889,related,True,
tiktok,#cornell,tiktok,#cornelluniversity,near-identical,0.977,same,True,
tiktok,#janedoe,tiktok,#iamjanedoe,near-identical,0.972,same,True,
tiktok,#octoberbaby,tiktok,#october,containment,0.943,related,True,
wikipedia,Steve Gleason,wikipedia,Gleason (2016 film),containment,0.867,related,True,
wikipedia,2009 Fort Hood shooting,wikipedia,Fort Hood,containment,0.887,same,True,
wikipedia,Bubonic plague,wikipedia,Plague (disease),containment,0.892,same,True,
wikipedia,2026–27 CONCACAF Nations League,wikipedia,CONCACAF Nations League,containment,0.937,same,True,
wikipedia,2026–27 CONCACAF Nations League,wikipedia,2026–27 CONCACAF Nations League A,near-identical,0.992,same,True,
wikipedia,England national football team records and statistics,wikipedia,England national football team,containment,0.898,same,True,
wikipedia,The Great British Bake Off,wikipedia,The Great British Bake Off series 17,containment,0.907,same,True,
wikipedia,UEFA Nations League,wikipedia,2026–27 UEFA Nations League,containment,0.933,same,True,
wikipedia,UEFA Nations League,wikipedia,2026–27 UEFA Nations League A,containment,0.927,same,True,
wikipedia,UEFA Nations League,wikipedia,2027 UEFA Nations League Finals,containment,0.904,same,True,
wikipedia,UEFA Euro 2028 qualifying,wikipedia,UEFA Euro 2028,containment,0.953,same,True,
wikipedia,Robert Lewandowski,google_trends,robert lewandowski,same name,1.0,same,True,
google_trends,russell brand,wikipedia,Russell Brand,same name,1.0,same,True,
tiktok,#iamjanedoe,tiktok,#janedoe,near-identical,0.972,same,True,
wikipedia,2026 Quebec general election,wikipedia,2018 Quebec general election,near-identical,0.97,related,True,
wikipedia,2026 Quebec general election,wikipedia,Candidates in the 2026 Quebec general election,containment,0.964,same,True,
wikipedia,2007 Quebec general election,wikipedia,2008 Quebec general election,near-identical,0.98,related,True,
tiktok,#octobermood,tiktok,#october,containment,0.921,related,True,
google_trends,eva marie saint,wikipedia,Eva Marie Saint,same name,1.0,same,True,
tiktok,#disneyland,tiktok,#disneylandparis,containment,0.954,related,True,
wikipedia,Singeetham Srinivasa Rao,wikipedia,Singeetham Srinivasa Rao filmography,containment,0.931,same,True,
youtube,Rahul Gandhi ने कर दिया नया ऐलान-जा रहे हम Jantar-Mantar | Gyanesh Kumar | chunav aayog | #dblive,wikipedia,Rahul Gandhi,phrase-in-title,0.893,same,True,
wikipedia,Hong Kong Sixes,wikipedia,2026 Hong Kong Sixes,containment,0.959,same,True,
wikipedia,Ajay Devgn,wikipedia,Ajay Devgn filmography,containment,0.94,same,True,
wikipedia,Drishyam 3,wikipedia,Drishyam,containment,0.949,same,True,
google_trends,nicole kidman,wikipedia,Nicole Kidman,same name,1.0,same,True,
wikipedia,Drishyam 2 (2022 film),wikipedia,Drishyam (2015 film),containment,0.945,related,True,
wikipedia,Drishyam 2 (2022 film),wikipedia,Drishyam (film series),containment,0.939,related,True,
wikipedia,Drishyam 2 (2022 film),wikipedia,Drishyam 2,same name,0.951,related,True,
wikipedia,Rajya Sabha,wikipedia,2026 Rajya Sabha elections,containment,0.92,same,True,
wikipedia,Rajinikanth filmography,wikipedia,Rajinikanth,containment,0.926,same,True,
wikipedia,David Ellison,google_trends,david ellison,same name,1.0,same,True,
google_trends,mikey madison,wikipedia,Mikey Madison,same name,1.0,same,True,
wikipedia,Mayor of Kingstown,google_trends,mayor of kingstown,same name,1.0,same,True,
google_trends,debra messing,wikipedia,Debra Messing,same name,1.0,same,True,
google_trends,rowdy tellez,wikipedia,Rowdy Tellez,same name,1.0,same,True,
google_trends,novig,google_trends,novig commercial,containment,0.924,same,True,
wikipedia,Michael Douglas,google_trends,michael douglas,same name,1.0,same,True,
wikipedia,Bubonic plague,google_trends,russian plague outbreak bubonic plague,containment,0.903,same,True,
google_trends,andrew tate,wikipedia,Andrew Tate,same name,1.0,same,True,
